OverallQual,GrLivArea,GarageCars,TotalBsmtSF,FullBath,YearBuilt
7,7.444248649496705,2.0,6.752270376141742,2,2003
6,7.140453043101158,2.0,7.140453043101158,2,1976
7,7.487733761436444,2.0,6.824373670043086,2,2001
7,7.448333860897476,3.0,6.628041376179533,1,1915
8,7.6953031349635665,3.0,7.0431599159883405,2,2000
5,7.216709486709457,2.0,6.679599185844383,1,1993
8,7.434847875211999,2.0,7.430114138561801,2,2004
7,7.644919344958857,2.0,7.009408932708637,2,1973
7,7.480992162869525,2.0,6.858565034791365,2,1931
5,6.981934677156389,1.0,6.898714534329988,1,1939
5,6.946975992135418,1.0,6.946975992135418,1,1965
9,7.751045117971802,3.0,7.069023426578259,3,2005
5,6.815639990074331,1.0,6.815639990074331,1,1962
7,7.309212365692763,3.0,7.309212365692763,2,2006
6,7.133295954896068,1.0,7.133295954896068,1,1960
7,6.74993119378857,2.0,6.723832440821209,1,1929
6,6.911747300251674,2.0,6.911747300251674,1,1970
4,7.16703787691222,2.0,0.0,2,1967
5,7.01571242048723,2.0,7.01571242048723,1,2004
5,7.199678345691172,1.0,6.9363427358340495,1,1958
8,7.773173680482536,3.0,7.05444965813294,3,2005
7,7.010311867307229,1.0,6.456769655572163,1,1930
8,7.492760300922379,2.0,7.482681828154651,2,2002
5,6.966024187106113,2.0,6.946975992135418,1,1976
5,6.966024187106113,1.0,6.966024187106113,1,1968
8,7.3777589082278725,3.0,7.356279876550748,2,2007
5,6.802394763324311,2.0,6.802394763324311,1,1951
8,7.440733707389261,3.0,7.440733707389261,2,2007
5,7.3777589082278725,1.0,7.302496423727326,1,1957
4,6.253828811575473,1.0,6.253828811575473,1,1927
4,7.183111701743281,1.0,6.47543271670409,1,1920
5,7.113142108707088,1.0,7.113142108707088,1,1966
8,7.1180162044653335,2.0,7.1180162044653335,2,2007
5,7.438383530044307,2.0,7.242797922793756,1,1959
9,7.353081920515432,2.0,7.353081920515432,2,2005
8,7.804659297056102,3.0,7.018401799069201,3,2004
5,7.00033446027523,2.0,7.00033446027523,1,1994
5,7.167809184316444,2.0,7.167809184316444,1,1954
5,6.963189985870238,1.0,6.963189985870238,1,1953
4,7.049254841255837,0.0,0.0,2,1955
6,7.188412736496954,2.0,6.992096427415888,2,1965
5,7.191429330036379,1.0,7.2078598714324755,1,1959
5,6.784457062637643,2.0,6.733401891837359,1,1983
5,6.843749949006225,1.0,6.843749949006225,1,1975
5,7.047517221357296,1.0,7.047517221357296,1,1959
9,7.468513271496337,2.0,7.468513271496337,2,2005
7,7.67275789664251,2.0,7.2682230211595655,1,2003
8,7.412160334945205,3.0,7.412160334945205,2,2006
4,7.280697195384741,0.0,6.601230118728877,2,1920
5,6.86171134048073,1.0,6.86171134048073,1,1966
6,7.293017679772782,2.0,6.677083461247136,2,1997
6,7.069874128458572,2.0,6.704414354964107,1,1934
5,6.704414354964107,2.0,6.704414354964107,1,1963
9,7.518607216815252,3.0,7.518607216815252,0,1981
5,7.215239978730097,2.0,5.950642552587727,1,1955
6,7.261927092702751,2.0,7.261927092702751,2,1964
8,7.461065514354283,2.0,6.877296071497429,2,1999
7,7.450079569807499,2.0,6.756932389247553,2,2004
10,7.987864096085687,3.0,7.251344983372214,3,2006
5,6.659293919683638,1.0,6.659293919683638,1,1972
6,7.05444965813294,2.0,7.05444965813294,1,2004
5,7.01301578963963,1.0,6.272877006546167,1,1920
8,7.222566018822171,2.0,7.222566018822171,2,2006
7,7.444248649496705,2.0,6.3561076606958915,2,1921
7,7.617759576608505,2.0,6.963189985870238,2,1997
8,7.813187267521416,3.0,7.04141166379481,2,2004
7,7.699389406256737,2.0,7.5740450053721995,2,1970
7,7.2991214627108,2.0,7.2813856635702825,2,2003
4,6.616065185132817,1.0,6.616065185132817,1,1945
7,7.734996194022781,2.0,7.1731917424865985,2,1953
7,7.706612913964197,2.0,7.706612913964197,2,1973
4,6.739336627357174,2.0,6.739336627357174,1,1982
7,7.4489161025442,2.0,6.723832440821209,2,1998
5,6.990256500493881,2.0,6.990256500493881,1,1954
3,7.380879035564116,1.0,6.733401891837359,2,1915
4,6.895682697747868,1.0,6.135564891081739,1,1973
4,6.858565034791365,1.0,6.858565034791365,1,1956
5,7.158513997329321,1.0,6.51025834052315,1,1948
4,7.477604243197589,0.0,7.477604243197589,2,1968
5,7.114769448366463,2.0,6.0867747269123065,1,1910
6,7.669495251007694,1.0,6.79794041297493,2,1968
6,7.198183577101943,2.0,7.1204443723924875,2,1998
8,7.354362330421477,3.0,7.354362330421477,2,2007
5,6.970730078143525,2.0,6.970730078143525,1,1960
7,7.295735072749282,2.0,5.950642552587727,2,1995
8,7.790282380703483,2.0,7.160845906664299,2,1991
6,7.352441100243583,2.0,6.52795791762255,2,2005
6,7.1098794630722715,2.0,6.416732282512326,2,2009
3,7.330405211844402,0.0,6.920671504248683,1,1915
4,6.897704943128636,0.0,6.897704943128636,1,1994
4,6.946975992135418,2.0,0.0,1,1950
5,7.118826249062078,2.0,7.118826249062078,1,1961
5,6.871091294610546,2.0,6.775366090936392,1,1921
6,7.736743682453495,2.0,7.101675971619444,2,1910
6,7.487733761436444,2.0,6.714170529909472,2,1997
6,7.293017679772782,2.0,6.522092798170152,2,1993
7,7.370230641807081,2.0,7.370230641807081,2,1999
4,6.866933284461882,1.0,6.866933284461882,1,1965
5,6.727431724850855,1.0,6.126869184114185,1,1920
4,7.110696122978827,0.0,6.856461984594587,1,1959
6,7.383989457978509,2.0,7.383989457978509,2,1977
6,7.4570320891223805,2.0,6.608000625296087,2,1985
5,7.336285660021297,2.0,0.0,2,1979
7,7.111512116496157,3.0,7.111512116496157,2,2009
7,7.505492274737424,1.0,6.946975992135418,1,1931
8,7.596894438144544,2.0,6.959398512133975,2,2003
4,6.953684210870537,1.0,6.46302945692067,1,1885
5,6.670766320845874,1.0,6.670766320845874,1,1948
5,7.324489979348532,0.0,6.675823221634848,2,1919
6,7.519692404116539,2.0,7.519692404116539,2,1977
6,7.5256399750415355,1.0,6.901737206656574,2,1954
7,7.265429723253953,2.0,5.950642552587727,2,2000
7,7.899524472032198,3.0,7.142036574706803,2,2007
6,7.7226775164680035,2.0,7.500529485395295,2,1953
6,7.749322464660356,1.0,6.93537044601511,2,1945
6,7.284820912568604,2.0,6.591673732008658,2,1999
5,6.9957661563048505,1.0,6.9957661563048505,1,1962
5,7.025538314638521,2.0,7.025538314638521,1,2006
7,8.07775756373692,3.0,7.422373700986824,3,1990
6,7.283448228756631,2.0,6.590301048196686,2,2005
6,6.895682697747868,2.0,6.843749949006225,1,1969
4,7.023758954738443,1.0,6.595780513961311,1,1939
6,6.984716320118266,1.0,6.984716320118266,1,1958
6,7.089243155027514,2.0,7.089243155027514,2,1993
6,7.368970402194793,2.0,7.216709486709457,2,1979
6,6.625392368007956,0.0,6.253828811575473,1,1935
6,6.86484777797086,2.0,6.982862751468942,2,1976
5,6.733401891837359,0.0,6.51025834052315,1,1930
6,7.206377291472252,2.0,6.492239835020471,1,1966
5,6.959398512133975,2.0,6.915723448631314,1,1958
7,7.676473646389156,2.0,6.828712071641684,2,1966
6,7.627544390488503,2.0,6.899723107284872,2,2000
5,7.190676034332207,2.0,6.968850378341948,1,1959
8,7.16703787691222,2.0,7.144407180321139,2,2001
5,7.450660796211539,2.0,7.2868764117507,2,1968
7,7.427738840532894,2.0,7.1731917424865985,2,1970
5,7.101675971619444,1.0,7.101675971619444,2,1967
7,7.580189417944541,3.0,7.553286605600419,3,1988
8,7.524021415206125,3.0,6.911747300251674,2,1999
6,7.475339236566737,2.0,6.833031732786201,2,1997
4,6.761572768804055,0.0,6.761572768804055,1,1971
7,7.458186157340487,2.0,7.458186157340487,2,2005
5,7.233455418621439,2.0,6.813444599510896,2,1952
7,7.313886831633462,2.0,7.306531398939505,2,1999
5,7.454719949364001,2.0,7.454719949364001,2,1963
6,7.443663683115591,2.0,6.877296071497429,2,2004
5,6.774223886357614,1.0,6.5722825426940075,1,1931
7,7.618251097876695,2.0,6.784457062637643,2,2001
7,6.984716320118266,0.0,6.984716320118266,1,2004
5,7.203405521083095,1.0,6.79794041297493,1,1936
5,6.876264611890766,2.0,6.876264611890766,1,1975
8,7.444248649496705,3.0,7.444248649496705,2,2007
6,7.597396320212795,2.0,6.715383386334681,2,1971
6,7.132497551660044,2.0,7.379008127628304,1,1960
6,7.090076835776092,1.0,7.090076835776092,1,1923
6,6.999422467507961,0.0,6.349138991379798,1,1924
5,6.946975992135418,2.0,0.0,1,1950
8,7.584773077612199,3.0,6.651571873589727,2,2009
7,7.5740450053721995,2.0,6.898714534329988,2,2004
7,7.808729306744399,2.0,7.238496840894365,2,2005
6,7.116394144093465,2.0,7.116394144093465,2,1984
9,7.889084407035514,3.0,7.360103972989152,2,2003
7,7.340186835320115,2.0,7.340186835320115,2,2005
4,6.782192056006791,0.0,6.782192056006791,1,1956
6,7.38770923908104,1.0,7.046647277848756,2,1926
5,7.2115567333138015,0.0,6.467698726104354,2,1940
5,7.532088143541722,1.0,7.388327859577107,1,1955
8,7.6783263565068856,3.0,7.366445148327599,1,2007
7,7.450079569807499,2.0,6.733401891837359,2,2004
8,7.442492722794441,2.0,7.430114138561801,2,1981
5,7.231287004327616,2.0,6.579251212010101,1,1941
6,7.412160334945205,2.0,6.984716320118266,1,1960
7,7.4770384723196965,2.0,6.96979066990159,2,1987
6,7.216709486709457,2.0,7.216709486709457,1,1961
6,7.409136443920128,2.0,7.381501894506707,2,1986
6,7.67693714581808,2.0,7.091742115095153,2,1950
6,7.630461261783627,2.0,7.048386408721883,2,1988
5,7.560080465021827,2.0,6.9584483932976555,2,1958
9,7.711548979629146,3.0,7.703459047867175,2,2008
5,6.875232087276577,2.0,6.875232087276577,1,1923
6,7.329749689041512,2.0,6.628041376179533,2,2000
7,7.496652438168283,1.0,6.675823221634848,1,1920
5,7.200424892944957,1.0,0.0,1,1957
7,7.641084249174914,2.0,7.216709486709457,2,2003
5,7.132497551660044,2.0,6.222576268071369,1,1908
10,8.190908881182514,3.0,7.009408932708637,2,1892
7,7.104144092987527,2.0,7.080026499922591,2,1990
5,7.412160334945205,1.0,6.492239835020471,2,1916
5,7.1098794630722715,2.0,6.990256500493881,0,1979
8,7.373374309910049,2.0,7.373374309910049,1,2001
8,7.910957382845589,2.0,6.748759547491679,2,1932
7,7.2991214627108,2.0,6.586171654854675,1,1972
7,7.266128779556451,2.0,7.266128779556451,2,1999
7,7.443663683115591,2.0,6.877296071497429,2,2004
5,6.761572768804055,1.0,6.761572768804055,1,1972
6,7.283448228756631,2.0,6.75110146893676,2,1976
7,7.453561871643373,3.0,7.453561871643373,2,2007
8,8.043020885298283,2.0,7.215239978730097,2,1918
6,7.709308333385869,0.0,6.626717749249025,1,1912
8,7.44600149832412,3.0,7.44600149832412,2,2004
4,7.02197642307216,2.0,7.02197642307216,2,2003
6,7.153833801578843,2.0,7.086737934510577,2,1977
6,7.177782416195197,1.0,6.424869023905388,2,1924
6,6.742880635791903,2.0,6.742880635791903,1,2004
5,7.157735484249907,1.0,6.579251212010101,1,1947
7,7.273786317844895,2.0,7.261225091971921,2,1990
5,7.4360278163518485,1.0,7.038783541388542,1,1962
4,7.003065458786462,1.0,7.003065458786462,1,1960
7,7.631431664576906,2.0,7.053585727193677,2,1988
6,6.9957661563048505,2.0,6.9957661563048505,1,1964
5,6.761572768804055,0.0,6.761572768804055,1,1925
6,7.10002716662926,2.0,7.10002716662926,2,2009
7,7.524021415206125,2.0,6.802394763324311,2,2009
5,6.897704943128636,2.0,6.897704943128636,1,1995
6,7.238496840894365,1.0,6.535241271013659,1,1977
5,7.119635638017636,1.0,6.975413927455952,1,1957
7,7.269616749608169,2.0,7.269616749608169,2,2004
4,7.191429330036379,1.0,6.530877627725885,1,1925
7,7.577633832602728,2.0,6.682108597449809,1,1939
7,7.129297548929373,2.0,7.129297548929373,2,2005
7,7.311886164077165,2.0,7.311886164077165,2,2006
6,7.726212650507529,2.0,6.917705609835305,2,2002
6,7.347299700743164,2.0,6.569481420414296,2,1975
4,6.761572768804055,2.0,6.761572768804055,1,1971
10,7.779885115070522,3.0,7.779885115070522,2,2003
5,7.171656822768514,1.0,6.4457198193855785,2,1971
7,7.832014180505469,3.0,7.0925737159746784,2,1995
6,6.894670039433482,1.0,6.180016653652572,1,1970
5,6.815639990074331,1.0,6.815639990074331,1,1967
7,7.349230824613334,2.0,7.224753405767971,2,2005
6,7.085064293952548,1.0,7.085064293952548,1,1959
8,7.935229539816907,3.0,7.2875606403097235,2,1995
6,6.894670039433482,1.0,6.180016653652572,1,1972
5,6.795705775173514,1.0,6.795705775173514,1,1976
6,7.580699752224563,2.0,6.756932389247553,2,2002
6,6.894670039433482,1.0,6.180016653652572,1,1971
7,7.254177846456518,2.0,7.254177846456518,2,2004
7,7.463936604468925,2.0,6.903747257584598,2,1993
8,7.434847875211999,3.0,7.434847875211999,2,2007
6,7.304515946460155,1.0,6.5998704992128365,1,1945
8,7.356279876550748,2.0,7.356279876550748,2,2008
5,6.763884908562435,0.0,6.530877627725885,1,1945
5,7.272398392570047,1.0,6.29156913955832,1,1900
6,7.104144092987527,1.0,6.439350371100098,1,1980
7,7.6544432264701125,2.0,6.854354502255021,2,1994
7,7.534762657037537,2.0,7.520234556474628,2,1988
6,7.564238475170491,1.0,6.927557906278317,2,1910
6,7.226209010100671,2.0,7.220373836723949,1,1954
7,7.419380582918692,2.0,6.733401891837359,2,2003
6,7.670428522190693,2.0,7.275172319452771,2,1958
3,7.174724309836376,0.0,6.590301048196686,1,1940
8,7.393263094763838,2.0,7.360739903058278,2,2006
6,7.402451520818244,2.0,6.682108597449809,2,2004
6,7.171656822768514,1.0,7.171656822768514,2,1964
5,7.1808311990445555,1.0,7.1808311990445555,1,1957
7,7.736743682453495,2.0,6.882437470997847,2,1999
6,7.454719949364001,2.0,6.761572768804055,2,2003
7,7.38025578842646,2.0,7.38025578842646,2,2006
7,7.491087593534876,2.0,6.870053411798126,2,2001
5,6.782192056006791,1.0,0.0,1,1956
6,7.231287004327616,2.0,7.216709486709457,1,1962
8,7.853216388156072,3.0,7.301147805856032,2,2007
6,7.10002716662926,2.0,6.226536669287466,1,1977
5,7.182352111885263,2.0,6.8308742346461795,1,1929
5,6.638567789166521,2.0,6.522092798170152,1,1925
6,7.259819610363186,2.0,7.259819610363186,2,1981
6,7.32052696227274,2.0,6.687108607866515,2,1997
5,7.692569648067906,1.0,6.579251212010101,2,1939
5,6.656726524178391,1.0,6.606650186198215,1,1940
6,7.014814351275545,1.0,7.04141166379481,1,1976
8,7.569927655242652,3.0,6.9985096422506015,2,2006
7,7.217443431696533,2.0,7.233455418621439,1,1954
8,7.727535110475448,3.0,7.049254841255837,2,1999
6,7.397561535524052,1.0,7.122866658599083,2,1958
5,6.704414354964107,1.0,6.704414354964107,1,1982
7,7.344719054149673,2.0,6.858565034791365,2,1925
7,7.352441100243583,2.0,7.352441100243583,2,2003
4,6.761572768804055,2.0,6.761572768804055,1,1951
9,7.659642954564682,3.0,7.659642954564682,2,2006
7,7.611842399580417,2.0,7.05617528410041,2,1977
7,7.591861714889934,2.0,6.693323668269949,2,1989
6,7.140453043101158,2.0,7.140453043101158,2,2006
7,7.1808311990445555,2.0,7.1808311990445555,2,2007
8,7.291656209174461,3.0,7.291656209174461,2,2008
6,7.362010551259734,2.0,7.362010551259734,2,1992
7,7.1308988302963465,2.0,6.437751649736401,2,2006
6,7.458186157340487,2.0,6.815639990074331,1,1962
4,6.754604099487962,0.0,6.754604099487962,1,1971
5,6.802394763324311,1.0,6.782192056006791,1,1967
6,7.241366283322318,1.0,6.548219102762372,1,1915
8,7.5595594960077,2.0,6.983789965258135,2,2006
5,7.447751280047908,0.0,6.659293919683638,2,1912
5,7.447751280047908,1.0,6.643789733147672,1,1949
7,7.724446645633537,2.0,6.678342114654332,2,1977
6,7.404887575616125,2.0,7.255591274253665,1,1953
6,6.910750787961936,2.0,6.910750787961936,1,1984
5,7.351158226430694,1.0,6.813444599510896,1,1950
7,7.575584651557793,2.0,6.882437470997847,2,1997
6,7.463363045520021,2.0,6.553933404025811,1,1968
6,7.049254841255837,1.0,6.9957661563048505,1,1950
5,7.197435354096591,1.0,7.060476365999801,1,1953
8,7.804659297056102,2.0,6.93537044601511,2,1998
7,7.340186835320115,3.0,7.340186835320115,2,2001
5,6.795705775173514,2.0,6.795705775173514,1,1972
7,8.158516244806831,3.0,7.293017679772782,3,1880
8,7.600902459542082,3.0,7.600902459542082,2,2004
7,7.715569534520208,3.0,6.551080335043404,2,1990
6,7.2485040723706105,0.0,5.765191102784844,1,1920
4,6.7580945044277305,2.0,6.7580945044277305,1,1940
9,7.572502985020384,3.0,7.547501682814967,2,2003
6,7.313886831633462,2.0,6.546785410760524,2,1993
6,6.879355804460439,1.0,6.879355804460439,1,1948
5,7.0192966537150445,2.0,6.675823221634848,1,1939
7,7.618742377670413,2.0,7.666690200080086,2,1965
7,7.403061091090091,2.0,6.590301048196686,1,1925
7,7.266827347520591,2.0,6.573680166960646,2,2004
7,7.763446388727362,2.0,6.739336627357174,2,1980
8,7.580189417944541,3.0,6.992096427415888,2,2006
7,7.880804344674901,3.0,7.205635176410364,2,1993
7,7.294377299288821,2.0,7.22402480828583,2,1980
9,7.86172707782398,3.0,7.130098510125578,3,2006
8,7.811163385025279,3.0,7.035268599281097,2,2004
7,7.912056888179006,2.0,7.31455283232408,2,1986
3,7.0587581525186645,1.0,7.057897937411856,1,1955
7,7.999007213243955,2.0,6.565264970035361,2,1967
5,6.688354713946762,2.0,6.579251212010101,1,1941
8,7.449498005382849,2.0,7.449498005382849,1,1993
6,7.232010331664759,1.0,7.232010331664759,1,1960
6,7.665753431861699,2.0,6.738152494595957,2,1916
5,7.083387847625295,1.0,6.39024066706535,1,1920
5,7.454719949364001,1.0,7.454719949364001,2,1964
5,6.962243464266207,1.0,6.962243464266207,1,1958
8,7.395721608602045,3.0,8.072779333169498,2,2003
7,7.213768308118642,2.0,7.213768308118642,2,2004
6,7.401231264413015,2.0,6.849066282633458,2,1998
5,7.487733761436444,2.0,7.312553498102598,2,1965
9,7.561121589530238,3.0,7.561121589530238,2,2005
7,7.336936913707618,2.0,7.336936913707618,2,2002
7,7.390798521735676,2.0,7.0967213784947605,2,1984
6,7.102499355774649,1.0,7.102499355774649,1,1958
8,7.553810852008231,2.0,6.874198495453294,2,2002
4,6.734591659972948,1.0,6.580639137284949,1,1950
3,6.946975992135418,2.0,0.0,2,1949
9,7.428927194802272,2.0,7.428927194802272,2,2005
5,7.013915474810528,1.0,6.284134161070802,1,1976
6,7.3632795869630385,1.0,6.879355804460439,1,1939
6,6.86484777797086,1.0,6.86484777797086,1,1960
6,7.298445101508147,2.0,7.298445101508147,2,1960
7,7.3938782901077555,2.0,6.638567789166521,2,2003
9,7.911324018963353,3.0,7.521859252201629,2,2005
9,7.533158807455563,2.0,7.533158807455563,2,2007
7,7.2813856635702825,2.0,7.2813856635702825,1,1986
5,7.01301578963963,1.0,6.423246963533519,1,1941
6,6.579251212010101,2.0,6.436150368369428,1,1928
6,7.374629015218945,1.0,6.84587987526405,1,1940
6,7.090076835776092,2.0,7.090076835776092,2,1995
6,7.062191632286556,2.0,7.05444965813294,2,1992
5,7.040536390215956,2.0,7.040536390215956,1,1976
5,7.20934025660291,1.0,6.967909201801884,1,1958
8,7.562161631225652,2.0,6.990256500493881,2,1998
6,6.815639990074331,2.0,6.78897174299217,1,1978
5,7.316548177182976,1.0,6.78332520060396,1,1940
7,7.561121589530238,2.0,0.0,3,2003
6,6.894670039433482,1.0,6.180016653652572,1,1972
6,7.3613754289773485,2.0,6.679599185844383,2,1976
5,7.203405521083095,1.0,6.51025834052315,1,1920
6,7.2399325913204695,2.0,7.2399325913204695,1,1963
6,7.266128779556451,1.0,7.002155954403621,1,1962
5,7.145196134997171,1.0,7.145196134997171,1,1954
5,7.160069207596127,2.0,6.968850378341948,1,1959
6,7.416979621381154,2.0,6.859614903654202,2,2000
4,7.370230641807081,2.0,0.0,2,1959
6,6.62273632394984,1.0,6.612041034833092,1,1984
5,7.1846291527173145,1.0,6.410174881966167,1,1953
7,7.564238475170491,2.0,6.741700694652055,2,2003
1,6.806829360392176,0.0,6.52649485957079,0,1922
5,6.81783057145415,2.0,6.76849321164863,1,1996
8,7.81035268372429,2.0,7.365180126021013,3,2004
9,7.526178913346146,3.0,7.526178913346146,1,2010
6,7.495541943884256,2.0,6.889591308354466,2,2000
5,7.43307534889858,1.0,6.933423025730715,2,1924
7,7.170888478512505,2.0,7.164720378771857,2,2006
7,7.493873886783559,2.0,6.844815479208263,2,2006
6,6.664409020350408,2.0,6.664409020350408,1,1928
6,7.577121930876679,2.0,7.365180126021013,2,1992
8,7.1459844677143876,2.0,7.135687347028144,2,2004
5,7.076653815443951,0.0,6.489204931325317,1,1910
6,7.025538314638521,1.0,6.947937068614969,1,1976
7,7.2991214627108,2.0,7.291656209174461,2,1999
10,7.754481547470383,3.0,7.427738840532894,2,2007
5,7.220373836723949,1.0,6.7580945044277305,1,1900
6,7.581209826196346,2.0,6.6895992691789665,2,2001
5,6.782192056006791,1.0,0.0,1,1959
4,6.669498089857879,0.0,6.669498089857879,1,1941
5,6.9411900550683745,1.0,6.5998704992128365,1,1940
5,7.042286171939743,1.0,7.042286171939743,1,1956
5,6.795705775173514,2.0,6.795705775173514,1,1972
5,7.502186486602924,1.0,6.761572768804055,2,1962
5,6.981934677156389,1.0,6.8679744089702925,1,1920
7,7.346010209913293,2.0,6.9957661563048505,2,2006
8,7.160845906664299,2.0,7.138866999945524,1,1996
7,7.177782416195197,2.0,7.177782416195197,2,2005
5,6.51025834052315,1.0,6.51025834052315,1,1940
8,7.724446645633537,2.0,7.039660349862076,2,1998
6,7.360103972989152,2.0,6.692083742506628,2,1995
4,7.3901814282264295,2.0,7.155396301896734,2,1976
6,7.40184157874383,1.0,6.96979066990159,1,1936
6,7.426549072397305,1.0,6.733401891837359,2,1915
7,7.683403681053826,3.0,6.968850378341948,2,2006
8,7.639161171659173,3.0,6.9411900550683745,2,2007
5,7.151485463904735,1.0,7.151485463904735,1,1958
5,6.962243464266207,2.0,6.962243464266207,1,1955
7,7.298445101508147,2.0,7.293017679772782,2,2009
5,6.93537044601511,2.0,6.915723448631314,1,1927
7,7.64826303090192,3.0,6.984716320118266,2,1993
7,7.200424892944957,2.0,7.200424892944957,2,2007
6,7.24422751560335,2.0,6.51025834052315,1,1978
6,7.8724551500639794,3.0,7.222566018822171,2,1918
5,7.033506484287697,1.0,6.628041376179533,1,1940
5,6.962243464266207,1.0,6.962243464266207,1,1968
7,7.203405521083095,4.0,7.203405521083095,2,1997
6,7.379008127628304,2.0,7.379008127628304,2,1977
5,6.895682697747868,2.0,6.895682697747868,1,1954
8,7.874739125171811,3.0,7.293017679772782,2,1998
6,7.086737934510577,1.0,7.086737934510577,1,1956
7,7.236339342754344,1.0,6.478509642208569,1,1946
7,7.404887575616125,2.0,7.325148957955575,2,1989
4,6.810142450115136,1.0,6.810142450115136,1,1957
7,7.0967213784947605,2.0,7.0967213784947605,2,2007
6,7.252762418053187,2.0,7.238496840894365,2,1988
6,6.894670039433482,1.0,6.180016653652572,1,1971
6,7.088408778675395,0.0,6.803505257608338,1,1920
5,7.21890970761906,2.0,6.639875833826536,1,1971
6,7.38025578842646,2.0,6.8308742346461795,2,1997
4,6.4457198193855785,0.0,6.4457198193855785,1,1972
7,7.415175109613295,2.0,6.683360945766275,2,1996
6,7.0192966537150445,2.0,6.473890696352274,1,1920
6,6.806829360392176,1.0,6.784457062637643,1,1926
5,6.542471960506805,1.0,6.0867747269123065,1,1913
6,7.086737934510577,2.0,6.52795791762255,1,1920
10,7.784057002639929,3.0,8.037220031133012,2,2008
4,7.272398392570047,0.0,7.272398392570047,2,1955
5,7.360739903058278,2.0,6.982862751468942,2,1930
7,7.1372784372603855,3.0,7.1372784372603855,2,2006
7,7.553810852008231,2.0,6.818924065275521,2,1994
6,7.4318919168078,2.0,7.269616749608169,1,1956
6,7.543273346705446,2.0,7.324489979348532,2,1966
7,7.542213463193403,2.0,6.835184586147301,2,1998
6,7.226936018493289,1.0,6.659293919683638,2,1937
3,7.075808863978387,1.0,6.47543271670409,1,1948
6,6.70073110954781,1.0,6.70073110954781,1,1930
7,7.334981878871814,2.0,7.334981878871814,2,1975
6,7.470793774195062,2.0,6.77078942390898,2,1996
8,7.371489295214277,2.0,6.643789733147672,2,2008
5,7.454719949364001,2.0,7.454719949364001,2,1976
7,7.124478262493424,2.0,7.124478262493424,1,1973
5,7.203405521083095,3.0,6.436150368369428,1,1916
4,7.416378479192928,2.0,7.218176838403408,1,1954
8,7.418180822726788,1.0,6.376726947898627,1,1925
5,7.0925737159746784,1.0,6.5638555265321274,1,1950
8,7.5678626054638825,2.0,6.723832440821209,2,2009
7,7.034387929915503,2.0,6.327936783729195,1,1936
5,6.761572768804055,1.0,6.761572768804055,1,1965
6,7.414572881350589,1.0,6.5722825426940075,1,1934
5,6.946975992135418,0.0,6.946975992135418,2,1978
7,7.254177846456518,2.0,7.226209010100671,2,2004
7,7.152268856032539,2.0,7.152268856032539,1,1970
5,7.404887575616125,1.0,6.590301048196686,1,1942
8,7.3987862754199485,3.0,7.3938782901077555,2,2006
6,7.444248649496705,2.0,6.723832440821209,2,1993
8,7.31455283232408,2.0,7.305188215393037,1,1985
7,7.585281078639126,2.0,6.694562058521095,2,1977
6,6.977281341630747,2.0,6.304448802421981,1,2005
8,7.588829878307813,3.0,7.588829878307813,2,2006
8,7.409741954080923,2.0,7.309212365692763,2,2000
5,6.877296071497429,2.0,6.877296071497429,1,1963
6,7.30854279753919,2.0,7.298445101508147,2,1997
9,7.879669914604289,3.0,7.674617497364363,2,2006
8,7.4489161025442,3.0,7.4413203897176174,2,2007
4,7.030857476116121,2.0,6.810142450115136,1,1937
9,7.52294091807237,3.0,7.513709247839705,2,2004
9,7.491087593534876,3.0,7.491087593534876,2,2003
7,7.509883061154913,1.0,6.813444599510896,1,1915
6,7.103322062526113,2.0,7.103322062526113,2,1998
5,6.906754778648554,1.0,6.906754778648554,1,1962
5,7.014814351275545,1.0,7.014814351275545,1,1950
5,6.9782137426306985,2.0,6.9782137426306985,1,1965
5,7.302496423727326,2.0,7.302496423727326,2,1971
5,7.789040401657477,2.0,6.860663671448287,2,1900
4,6.4457198193855785,1.0,6.4457198193855785,1,1970
5,7.1731917424865985,1.0,5.575949103146316,1,1976
6,7.363913501405819,1.0,6.692083742506628,1,1941
6,7.283448228756631,2.0,6.590301048196686,2,2006
5,7.1459844677143876,1.0,7.1459844677143876,1,1960
5,6.786716950605081,1.0,5.247024072160486,1,1938
4,6.579251212010101,0.0,6.579251212010101,1,1920
8,8.07961802938984,2.0,8.070906088787819,3,1992
7,7.506591780070841,1.0,6.933423025730715,2,1925
5,6.80128303447162,1.0,6.761572768804055,1,1967
5,6.815639990074331,1.0,6.815639990074331,1,1958
6,7.1049654482698426,1.0,6.51025834052315,1,1973
7,7.477604243197589,2.0,6.763884908562435,2,2005
5,7.101675971619444,2.0,7.101675971619444,1,1965
7,7.496097345175956,2.0,7.313886831633462,2,1959
6,7.186901020411631,2.0,6.75110146893676,2,1974
5,7.580699752224563,2.0,6.866933284461882,2,1952
8,7.555381944240273,2.0,6.655440350367647,2,1993
6,7.1049654482698426,2.0,7.1049654482698426,2,2009
7,7.228388451573604,2.0,6.535241271013659,2,1928
5,6.947937068614969,1.0,6.947937068614969,1,1959
5,7.217443431696533,1.0,6.915723448631314,1,1951
7,7.221105098182496,2.0,7.221105098182496,2,2005
5,6.761572768804055,2.0,6.761572768804055,1,1958
6,6.984716320118266,2.0,6.988413181999592,1,1983
5,6.670766320845874,1.0,6.643789733147672,1,1926
10,7.61085279039525,3.0,7.603897968521881,2,2009
6,7.6586995582682995,2.0,6.535241271013659,2,1972
7,7.759614150696903,3.0,7.142036574706803,2,1996
6,7.493317248862145,2.0,6.677083461247136,2,1998
7,7.640123172695364,1.0,7.151485463904735,1,1926
4,7.165493475060845,0.0,0.0,2,1900
6,7.126087273299125,1.0,7.126087273299125,1,1957
6,7.416979621381154,2.0,6.911747300251674,2,1947
7,7.7823903355874595,3.0,7.229113877793302,2,1996
7,7.143617602704121,2.0,7.136483208590247,2,2005
5,6.833031732786201,1.0,6.833031732786201,1,1956
9,7.905810312658931,3.0,7.280697195384741,2,2008
4,6.405228458030842,0.0,6.269096283706261,1,1920
6,7.83002808253384,2.0,7.618251097876695,3,1957
6,7.319202458767849,2.0,7.2868764117507,2,1988
6,7.216709486709457,2.0,6.415096959171596,2,1920
5,6.717804695023691,1.0,0.0,1,1955
1,5.811140992976701,0.0,0.0,1,1946
8,7.254177846456518,2.0,6.561030665896573,2,2004
5,7.205635176410364,0.0,7.018401799069201,1,1910
7,7.452402451223638,2.0,6.779921907472252,2,1998
4,6.761572768804055,2.0,6.761572768804055,1,1972
5,7.055312843339752,1.0,6.957497370876951,1,1968
8,7.3783837129967145,2.0,7.365812837209472,2,2001
9,7.516433302915632,3.0,7.516433302915632,2,2006
8,7.734121303328305,3.0,6.876264611890766,2,2000
7,7.426549072397305,2.0,7.408530566894626,2,1998
7,6.642486801367256,1.0,6.583409222158765,1,1998
7,7.310550158534422,2.0,6.483107351457199,2,2006
7,7.688455356549944,3.0,7.093404625868766,2,1988
6,7.399398083331354,2.0,6.970730078143525,1,1923
5,6.643789733147672,2.0,6.643789733147672,1,1970
5,6.715383386334681,2.0,6.715383386334681,1,1955
7,7.646831391430482,2.0,6.815639990074331,2,2003
6,6.974478911025045,2.0,6.974478911025045,2,1977
5,6.833031732786201,1.0,6.833031732786201,1,1957
8,7.448333860897476,3.0,7.443663683115591,2,2006
4,7.026426808699636,2.0,0.0,2,1949
7,7.6236419465115715,3.0,6.905753276311464,2,2003
5,6.954638864880987,1.0,6.900730664045173,1,1922
5,6.9957661563048505,1.0,6.9957661563048505,1,1957
4,7.197435354096591,1.0,6.456769655572163,1,1920
7,7.27655640271871,2.0,6.591673732008658,2,1996
7,7.350516171833998,2.0,7.2254814727822945,2,2003
5,7.238496840894365,2.0,7.238496840894365,1,1957
5,7.236339342754344,2.0,7.236339342754344,1,1974
5,6.903747257584598,0.0,6.903747257584598,1,1940
6,7.422971251049421,2.0,7.0587581525186645,2,1918
7,7.738488122494646,2.0,6.9985096422506015,2,1992
6,7.4067107301776405,1.0,6.692083742506628,1,1915
9,7.825644732219989,3.0,7.022868086082641,2,2005
7,7.336285660021297,2.0,7.324489979348532,2,2004
8,7.664815785285735,2.0,7.310550158534422,1,1983
5,6.849066282633458,2.0,6.849066282633458,1,1979
5,7.454719949364001,2.0,7.454719949364001,2,1965
6,6.761572768804055,1.0,6.761572768804055,1,1959
7,7.433666540166168,2.0,6.740519359606223,2,2009
7,7.265429723253953,2.0,5.950642552587727,2,2000
5,7.011213987350367,1.0,5.918893854273146,1,1971
5,7.103322062526113,1.0,6.723832440821209,1,1947
7,7.29776828253138,1.0,6.7580945044277305,2,1928
5,7.1853870155804165,2.0,7.059617628291383,1,1966
7,7.238496840894365,2.0,6.535241271013659,2,2007
5,7.492760300922379,1.0,6.956545443151569,2,1954
6,7.264730177929867,2.0,7.042286171939743,1,1960
8,7.621684998724611,3.0,7.621684998724611,2,2008
6,6.704414354964107,0.0,6.704414354964107,1,1990
10,7.928406026180535,2.0,7.1204443723924875,3,1893
4,7.360739903058278,1.0,6.784457062637643,1,1935
8,7.614805364711073,3.0,7.532623618788788,2,2005
6,6.731018100482083,1.0,6.704414354964107,1,1918
5,6.756932389247553,2.0,6.733401891837359,1,1982
5,7.29505641646263,1.0,7.270312886079025,1,1968
5,6.840546529288687,1.0,6.60934924316738,1,1930
7,7.366445148327599,2.0,6.646390514847729,2,2004
10,7.738923757439457,3.0,7.451241684987676,2,2008
5,6.704414354964107,2.0,6.704414354964107,1,1982
6,6.742880635791903,2.0,6.742880635791903,1,2003
5,6.828712071641684,1.0,6.828712071641684,1,1975
8,7.509883061154913,3.0,7.503289630675082,2,2005
6,7.221105098182496,1.0,6.52795791762255,1,1910
7,7.2456550675945355,3.0,7.1372784372603855,0,2006
5,7.4067107301776405,2.0,7.265429723253953,2,1977
6,7.349873704738337,2.0,6.573680166960646,2,1980
8,7.55171221535131,2.0,6.964135612418245,2,2005
6,7.226209010100671,1.0,6.659293919683638,1,1937
8,7.557472901614746,2.0,6.811244378601294,2,1992
7,7.090076835776092,2.0,6.396929655216146,2,2004
7,7.309212365692763,2.0,7.309212365692763,2,2002
7,7.593877844605118,2.0,6.643789733147672,2,1965
5,6.946975992135418,2.0,6.946975992135418,1,1996
5,7.60489448081162,1.0,6.79794041297493,3,1948
8,8.069029328774958,2.0,6.872128101338986,2,1934
4,6.9363427358340495,1.0,6.9363427358340495,1,1961
9,7.674617497364363,3.0,7.272398392570047,2,2000
6,6.939253946041508,2.0,6.939253946041508,2,1978
8,7.534762657037537,2.0,7.1693500166706,2,2001
5,7.02108396428914,0.0,7.02108396428914,1,2007
4,6.4457198193855785,0.0,6.4457198193855785,1,1972
6,6.960347729101308,2.0,6.841615476477592,1,1963
6,7.319202458767849,2.0,6.663132695990803,2,2002
6,6.723832440821209,2.0,6.723832440821209,1,1954
9,7.510977752014095,3.0,7.507690077819904,2,2007
8,7.724004656676065,3.0,7.301147805856032,2,2003
3,6.761572768804055,0.0,6.761572768804055,1,1914
6,7.868636894184167,2.0,7.3277805384216315,2,1974
5,6.887552571664617,2.0,6.887552571664617,1,1977
6,7.321188556739478,2.0,6.628041376179533,2,2000
6,7.489970898834801,2.0,6.595780513961311,1,1972
6,7.017506142941256,2.0,7.017506142941256,1,1962
5,7.259819610363186,1.0,6.885509670034818,1,1960
6,7.326465613840322,1.0,7.052721049232323,1,1955
5,7.640123172695364,2.0,6.946975992135418,1,1969
6,7.2078598714324755,2.0,7.129297548929373,1,1964
5,7.4673710669175595,1.0,6.455198563340122,1,1880
8,7.348587530927593,2.0,7.348587530927593,2,2006
7,7.252053951852814,2.0,7.234177179749849,2,1977
5,6.962243464266207,1.0,6.962243464266207,1,1954
6,6.962243464266207,2.0,6.962243464266207,0,1980
6,8.130059039992796,0.0,7.272398392570047,2,1914
2,6.684611727667927,0.0,5.575949103146316,1,1936
5,7.234898420314831,1.0,6.698268054115413,2,1954
5,6.679599185844383,0.0,6.679599185844383,1,1910
8,7.356918242356021,3.0,7.326465613840322,2,2006
8,7.325148957955575,2.0,7.325148957955575,1,2003
7,7.564757012905729,2.0,6.963189985870238,2,2001
8,7.902487437162855,2.0,7.5766097669730375,2,1972
5,7.3901814282264295,2.0,6.659293919683638,2,1969
9,7.476472381163905,3.0,7.476472381163905,2,2009
6,6.8885724595653635,2.0,6.8885724595653635,1,1971
5,6.954638864880987,2.0,0.0,1,1950
6,6.9975959829819265,2.0,6.9975959829819265,1,1953
6,7.516977224604321,2.0,6.628041376179533,1,1966
4,6.4457198193855785,0.0,6.4457198193855785,1,1970
7,7.417580402414544,2.0,6.70073110954781,2,2007
4,7.31986492980897,1.0,6.626717749249025,1,1940
7,7.447751280047908,2.0,6.779921907472252,2,1996
6,7.292337176173877,1.0,6.628041376179533,1,1906
8,7.655864017616056,3.0,7.653969180478774,2,1995
6,6.9957661563048505,1.0,6.263398262591624,1,1971
5,6.959398512133975,1.0,6.959398512133975,1,1959
7,7.31455283232408,1.0,6.654152520183219,1,1931
6,7.284820912568604,1.0,6.815639990074331,1,1948
5,7.303843225277705,2.0,7.303843225277705,1,1964
7,7.5678626054638825,2.0,6.675823221634848,2,1976
8,7.803026643632217,3.0,7.395721608602045,2,1994
6,7.238496840894365,2.0,7.238496840894365,1,1968
4,7.074116816197362,2.0,7.037027614686276,2,1972
8,7.64826303090192,3.0,7.638679823876112,1,2005
8,7.568379267836522,2.0,7.2485040723706105,2,2000
6,7.77485576666552,2.0,6.928537818164665,2,1965
6,7.425953657077541,2.0,7.249925536717988,2,1994
5,7.270312886079025,2.0,7.080026499922591,1,1956
4,7.07326971745971,1.0,6.551080335043404,1,1922
6,7.297091005160418,2.0,6.6039438246004725,2,2005
6,7.221835825288449,1.0,6.51025834052315,2,1925
6,7.0967213784947605,2.0,7.0967213784947605,1,1977
6,7.516977224604321,2.0,7.29776828253138,2,1957
6,7.035268599281097,1.0,7.035268599281097,1,1965
6,7.273092595999522,2.0,6.75110146893676,2,1978
4,7.480992162869525,3.0,6.9985096422506015,2,1900
5,6.674561391814426,1.0,6.643789733147672,1,1924
8,7.6236419465115715,3.0,7.6236419465115715,2,2008
5,6.895682697747868,2.0,6.895682697747868,1,1961
6,6.827629234502852,1.0,6.827629234502852,2,1980
5,7.326465613840322,1.0,6.675823221634848,1,1932
6,7.1631723908466425,2.0,7.1631723908466425,1,1996
9,7.419380582918692,3.0,7.3938782901077555,2,2002
7,7.516977224604321,2.0,7.085901464365611,2,1998
7,7.644919344958857,2.0,7.081708586105575,2,1984
7,7.473637108496206,2.0,6.773080375655535,3,2007
7,7.004881989712859,2.0,6.311734809152915,2,2004
8,7.257707677160043,2.0,7.257707677160043,2,2007
6,7.216709486709457,2.0,7.216709486709457,2,2005
6,6.742880635791903,2.0,6.742880635791903,1,2004
10,8.370084326378025,3.0,7.8013913202914855,3,1994
7,7.831617276352611,2.0,7.098375638590786,2,1989
5,6.9782137426306985,1.0,6.9782137426306985,1,1921
5,7.338888133838879,2.0,6.831953565565855,1,1936
6,7.036148493750536,2.0,7.013915474810528,2,1987
5,6.423246963533519,1.0,6.423246963533519,1,1921
5,7.045776576879511,1.0,6.887552571664617,1,1952
5,6.795705775173514,1.0,6.795705775173514,1,1965
7,7.237778191923443,2.0,7.237778191923443,2,2004
8,7.495541943884256,3.0,7.495541943884256,2,2002
7,7.059617628291383,2.0,7.059617628291383,1,1969
8,7.853993087224244,3.0,7.1180162044653335,2,2006
5,7.502186486602924,2.0,5.886104031450156,2,1900
7,7.302496423727326,2.0,7.29505641646263,2,2004
4,6.9957661563048505,0.0,0.0,2,1930
7,7.508787170634276,2.0,7.404279118037268,2,1971
8,7.188412736496954,2.0,7.188412736496954,2,2006
7,7.283448228756631,2.0,6.590301048196686,2,2007
5,6.806829360392176,1.0,6.775366090936392,1,1966
3,6.591673732008658,0.0,5.598421958998375,1,1935
4,7.071573364211532,1.0,6.755768921984255,1,1900
8,7.113142108707088,2.0,7.113142108707088,2,1988
4,6.866933284461882,2.0,6.866933284461882,1,1970
6,7.2991214627108,2.0,6.586171654854675,2,1976
6,7.2078598714324755,2.0,6.96979066990159,2,1974
7,7.845416036592485,2.0,6.576469569048224,1,1890
5,7.071573364211532,2.0,7.069874128458572,1,1973
7,7.790696031174738,3.0,7.1785454837637,2,1993
5,6.878326468291325,1.0,6.878326468291325,1,1969
8,7.462789157412448,2.0,7.462789157412448,2,1985
6,6.742880635791903,2.0,6.742880635791903,1,2004
4,6.761572768804055,2.0,6.761572768804055,1,1970
4,7.293017679772782,1.0,6.846943139585379,2,1954
9,7.437206366871292,3.0,7.437206366871292,2,2007
4,6.761572768804055,2.0,6.761572768804055,1,1970
6,7.426549072397305,2.0,6.779921907472252,2,1988
7,7.116394144093465,2.0,7.116394144093465,2,2007
5,7.4821189235521155,3.0,7.367708572374371,2,1958
4,7.0967213784947605,2.0,6.659293919683638,1,1925
8,7.38770923908104,2.0,7.374629015218945,2,1995
7,7.044032897274685,2.0,6.7661917146603505,2,2003
7,7.616283561580385,2.0,7.050122520269059,2,1998
5,7.042286171939743,1.0,6.761572768804055,1,1961
5,6.854354502255021,1.0,6.854354502255021,1,1968
7,7.477604243197589,2.0,6.779921907472252,1,1914
3,6.946975992135418,2.0,0.0,2,1950
8,7.496097345175956,3.0,6.794586580876499,2,2005
5,7.090076835776092,0.0,7.090076835776092,3,1987
7,7.454719949364001,2.0,6.761572768804055,2,2004
5,7.266827347520591,2.0,5.575949103146316,2,1910
6,6.815639990074331,1.0,6.815639990074331,1,1961
7,7.207118856207756,2.0,7.207118856207756,2,2000
5,7.288927694521257,2.0,6.253828811575473,2,1963
8,7.198183577101943,2.0,7.198183577101943,2,1993
8,7.906547232368036,2.0,7.040536390215956,3,1976
7,7.721348612617949,2.0,6.858565034791365,2,2000
7,7.878534196140362,4.0,7.122866658599083,1,1880
7,7.450079569807499,2.0,7.450079569807499,2,1996
4,7.332369205929062,1.0,0.0,2,1945
4,7.038783541388542,0.0,6.3561076606958915,1,1910
7,7.1853870155804165,2.0,6.492239835020471,2,2003
6,7.309212365692763,2.0,7.2991214627108,2,1997
8,7.6487397889562425,3.0,6.937314081223682,2,2005
6,6.933423025730715,2.0,6.933423025730715,1,1969
6,7.293697720601438,2.0,6.591673732008658,2,1999
8,7.477604243197589,2.0,6.763884908562435,2,2007
6,7.234177179749849,2.0,6.51025834052315,2,1978
7,7.313886831633462,2.0,6.612041034833092,2,1999
8,7.836369760545124,3.0,7.183870715062453,2,1995
6,6.761572768804055,1.0,6.761572768804055,1,1959
5,7.170888478512505,2.0,7.0431599159883405,1,1924
7,7.344072850573066,2.0,6.628041376179533,2,2009
8,7.768533300926033,3.0,7.132497551660044,2,1999
8,7.309212365692763,2.0,7.309212365692763,1,1995
9,7.317212408359839,2.0,7.311886164077165,2,2008
7,7.446585099157725,2.0,6.887552571664617,2,1988
6,7.4673710669175595,1.0,6.890609120147166,2,1940
7,7.515344571180436,2.0,7.528331766707247,2,2004
8,8.095293776844649,3.0,7.408530566894626,3,2003
5,6.754604099487962,2.0,6.754604099487962,1,1982
4,7.106606137727303,2.0,6.728628613084702,1,1951
6,7.018401799069201,2.0,6.9363427358340495,1,1976
5,6.815639990074331,1.0,6.815639990074331,1,1958
8,7.587310506022615,3.0,7.5678626054638825,2,2006
6,7.093404625868766,2.0,7.093404625868766,2,1998
7,7.3864708488298945,3.0,7.3864708488298945,2,2005
5,6.795705775173514,2.0,6.761572768804055,1,1974
5,7.61085279039525,2.0,0.0,2,1977
6,6.911747300251674,2.0,6.882437470997847,1,1977
7,7.133295954896068,2.0,7.1204443723924875,2,1995
6,7.3796321526095525,2.0,6.634633357861686,2,1992
7,7.265429723253953,2.0,7.253470382684528,2,2001
5,7.01211529430638,2.0,7.00033446027523,1,1978
6,7.302496423727326,0.0,6.60934924316738,2,1914
6,7.201916317531627,2.0,7.22402480828583,2,1967
5,7.409741954080923,1.0,6.530877627725885,2,1915
7,7.642044402873258,2.0,6.862757913051401,2,2004
4,6.803505257608338,1.0,6.803505257608338,1,1954
6,7.643482907077201,2.0,6.723832440821209,2,1966
7,7.0431599159883405,2.0,7.0431599159883405,2,2005
6,6.967909201801884,2.0,6.9363427358340495,1,1976
7,7.607381425639791,2.0,7.018401799069201,2,1996
8,7.310550158534422,2.0,7.310550158534422,2,2007
7,7.546974117516527,2.0,6.568077911411976,2,1994
6,7.355001921105257,2.0,6.476972362889683,2,1980
6,7.158513997329321,2.0,6.492239835020471,1,1977
5,6.650279048587422,1.0,6.650279048587422,1,1953
9,8.0519780789023,3.0,7.563200592358071,3,2008
5,7.477604243197589,1.0,6.594413459749778,1,1937
6,7.431299675155903,2.0,6.423246963533519,2,1997
4,7.086737934510577,2.0,7.086737934510577,1,1916
7,7.283448228756631,2.0,6.590301048196686,2,2005
9,7.945201132412759,3.0,7.458186157340487,3,2008
5,7.028201432058005,1.0,6.841615476477592,1,1954
7,7.2640301428995295,2.0,7.256297239690681,2,2008
5,6.887552571664617,1.0,6.887552571664617,2,1967
5,7.362645270417825,2.0,7.188412736496954,1,1923
5,6.990256500493881,2.0,6.931471805599453,1,1966
5,7.6676260915849905,2.0,6.744059186311348,2,1898
6,7.1770187659099,2.0,6.946975992135418,1,1974
6,6.742880635791903,2.0,6.742880635791903,1,2004
5,6.950814768442584,2.0,6.29156913955832,1,1952
6,7.273786317844895,1.0,7.273786317844895,1,1958
5,7.1308988302963465,1.0,6.530877627725885,1,1918
7,7.415175109613295,2.0,7.407924322559599,2,1998
5,6.915723448631314,1.0,6.915723448631314,1,1954
8,7.4318919168078,3.0,7.357556200910353,2,2002
6,6.9584483932976555,2.0,6.917705609835305,1,1971
7,7.213768308118642,2.0,7.213768308118642,2,2009
7,7.402451520818244,2.0,6.682108597449809,2,2003
4,6.841615476477592,2.0,6.841615476477592,1,1953
7,7.457609289715606,2.0,6.741700694652055,2,2003
6,7.305860032684009,1.0,6.656726524178391,2,1940
8,7.305860032684009,2.0,7.305860032684009,2,2006
10,7.642044402873258,3.0,7.639161171659173,2,2007
5,6.664409020350408,0.0,6.664409020350408,1,1924
7,7.2682230211595655,2.0,7.282073658093465,2,2001
5,7.661997558901893,2.0,6.920671504248683,2,1967
7,7.109062135687172,2.0,6.396929655216146,2,2005
6,7.238496840894365,2.0,7.238496840894365,1,1957
7,7.090076835776092,2.0,6.396929655216146,2,2005
7,7.511524648390866,2.0,6.846943139585379,2,2003
6,7.323830566202317,2.0,7.323830566202317,1,1964
5,7.042286171939743,2.0,7.042286171939743,1,1961
4,6.9726062513017535,2.0,6.9726062513017535,2,1950
5,7.351799869057777,2.0,7.351799869057777,1,1948
6,6.894670039433482,1.0,6.180016653652572,1,1973
5,7.002155954403621,1.0,7.002155954403621,1,1995
5,7.090076835776092,1.0,6.643789733147672,1,1946
6,7.301147805856032,1.0,6.51025834052315,2,1925
5,7.338888133838879,2.0,6.476972362889683,2,1904
6,7.060476365999801,2.0,7.027314514039777,1,1966
5,7.495541943884256,0.0,7.495541943884256,2,1961
5,7.255591274253665,3.0,6.775366090936392,1,1915
5,7.438971592395862,2.0,7.237059026124737,2,1975
7,7.4815557019095165,2.0,6.606650186198215,2,1993
5,6.761572768804055,1.0,6.761572768804055,1,1972
6,7.765569081097317,2.0,6.810142450115136,3,1908
6,7.5256399750415355,2.0,6.269096283706261,2,1976
6,6.742880635791903,2.0,6.742880635791903,1,2003
8,7.283448228756631,2.0,7.149131598557407,2,2003
7,7.406103381237015,1.0,6.822197390620491,2,1941
6,7.275864600546533,2.0,7.027314514039777,1,1964
5,7.483806687665835,2.0,7.47477218239787,1,1955
5,6.946975992135418,1.0,6.946975992135418,1,1962
6,6.933423025730715,2.0,6.84587987526405,1,1978
6,7.300472814267799,2.0,6.553933404025811,2,1994
7,7.222566018822171,2.0,6.993932975223189,2,1976
6,7.8838232148921525,2.0,6.960347729101308,2,1968
7,7.262628600974241,1.0,6.815639990074331,1,1918
5,6.946013991099227,2.0,6.946013991099227,1,1965
6,7.00033446027523,2.0,6.946975992135418,2,1984
5,7.045776576879511,1.0,7.045776576879511,1,1959
7,7.22402480828583,2.0,7.22402480828583,2,2007
5,6.90975328164481,2.0,6.90975328164481,1,1970
8,7.406103381237015,3.0,7.401231264413015,2,2006
4,7.02108396428914,2.0,6.946975992135418,1,1961
5,7.749322464660356,2.0,0.0,2,1948
7,7.575071699507561,2.0,6.956545443151569,2,1993
5,6.795705775173514,1.0,6.795705775173514,1,1962
6,7.427738840532894,2.0,6.6895992691789665,2,1998
5,6.813444599510896,2.0,4.653960350157523,1,1953
5,7.145196134997171,1.0,6.723832440821209,1,1949
5,7.030857476116121,1.0,6.516193076042964,1,1941
8,7.867105500316739,2.0,7.076653815443951,2,2007
4,6.946975992135418,2.0,6.96979066990159,1,1963
9,7.707062655370473,3.0,7.2875606403097235,2,2004
5,7.051855622955894,2.0,7.011213987350367,1,1961
5,6.761572768804055,1.0,6.761572768804055,1,1978
5,6.993932975223189,2.0,6.993932975223189,1,2005
7,7.448333860897476,2.0,7.052721049232323,2,1990
6,7.373374309910049,2.0,6.694562058521095,2,1992
4,7.709756864454165,1.0,6.678342114654332,1,1912
5,6.79346613258001,1.0,6.79346613258001,1,1967
9,7.443663683115591,2.0,7.437206366871292,2,1999
5,7.445417556701687,2.0,7.3938782901077555,2,1959
5,7.239214973779806,1.0,6.704414354964107,1,1955
8,7.7039102096163115,2.0,7.7039102096163115,2,1970
6,7.316548177182976,2.0,7.316548177182976,1,1953
5,6.828712071641684,2.0,6.51025834052315,1,1949
6,7.428333194190806,2.0,6.822197390620491,2,1978
6,6.97354301952014,1.0,6.9650803456014065,1,1963
5,7.232010331664759,1.0,7.232010331664759,1,1954
5,7.336285660021297,2.0,0.0,2,1979
6,7.493317248862145,2.0,6.659293919683638,1,1963
4,6.85751406254539,1.0,6.85751406254539,1,1936
5,7.7142311448490855,2.0,0.0,2,1979
9,7.768110378525988,3.0,7.753623546559746,2,2009
5,7.119635638017636,1.0,6.815639990074331,1,1961
4,6.754604099487962,1.0,6.754604099487962,1,1971
5,7.174724309836376,1.0,6.899723107284872,1,1957
7,7.319202458767849,2.0,6.663132695990803,2,2003
7,7.4205789054108005,3.0,7.4205789054108005,2,2006
5,6.804614520062624,1.0,6.775366090936392,1,1967
5,6.968850378341948,1.0,6.962243464266207,1,1954
8,7.400009517162692,3.0,7.392031567514591,2,2006
7,7.6290038896529575,1.0,6.92461239604856,1,1936
5,6.804614520062624,2.0,6.761572768804055,1,1983
6,7.302496423727326,2.0,6.60934924316738,2,2005
5,7.729295674310482,2.0,7.007600613951853,2,1960
5,7.145196134997171,1.0,7.145196134997171,1,1977
5,6.922643891475888,1.0,6.643789733147672,1,1925
5,7.601901959875166,3.0,6.90875477931522,2,1949
6,7.1098794630722715,2.0,6.416732282512326,2,2009
4,6.9957661563048505,1.0,6.302618975744905,1,1970
2,6.173786103901937,1.0,6.173786103901937,0,1949
4,7.113956109566034,1.0,7.033506484287697,1,1956
7,7.6624678152002375,3.0,7.00669522683704,2,1991
6,7.254177846456518,2.0,7.076653815443951,1,1958
6,7.450660796211539,2.0,6.833031732786201,2,1994
5,7.696212639346407,0.0,7.148345743900068,2,1900
6,7.182352111885263,2.0,7.182352111885263,2,2005
6,7.388327859577107,2.0,7.38025578842646,2,1993
6,7.430114138561801,2.0,7.430114138561801,2,1980
5,7.026426808699636,2.0,7.026426808699636,2,1977
8,7.772331575169614,3.0,7.074116816197362,2,2003
7,7.589841512182657,2.0,6.723832440821209,2,1968
8,7.488852955733459,2.0,7.469083884921234,2,2001
7,7.71244383427499,2.0,6.871091294610546,2,1997
8,7.290292882446597,3.0,7.290292882446597,2,2007
5,6.829793737512425,1.0,6.829793737512425,1,1965
9,7.552237287560802,3.0,7.552237287560802,2,2006
7,7.313220387090301,2.0,7.313220387090301,2,2004
7,7.634820677745543,2.0,6.371611847231857,2,1960
4,6.616065185132817,2.0,6.396929655216146,1,1926
7,7.090076835776092,2.0,7.069874128458572,2,2003
7,7.58629630715272,2.0,7.014814351275545,2,2005
7,7.581719640125308,3.0,7.237778191923443,2,2006
7,7.784473235736469,1.0,6.939253946041508,2,1940
6,7.454719949364001,2.0,7.454719949364001,2,1976
7,7.630461261783627,2.0,6.899723107284872,2,1999
4,7.272398392570047,0.0,7.272398392570047,2,1977
5,7.397561535524052,2.0,7.397561535524052,2,1967
6,7.203405521083095,2.0,6.70808408385307,1,1958
5,7.533158807455563,2.0,6.992096427415888,1,1890
5,7.042286171939743,1.0,7.042286171939743,1,1959
8,7.395721608602045,3.0,7.38770923908104,2,2002
7,7.4821189235521155,2.0,6.841615476477592,2,2002
6,7.2305631534092925,2.0,7.057036981697891,1,1972
5,6.761572768804055,2.0,6.761572768804055,1,1950
5,6.872128101338986,1.0,6.71901315438526,1,1965
5,6.643789733147672,1.0,6.643789733147672,1,1972
5,7.584773077612199,2.0,6.664409020350408,2,1969
6,6.887552571664617,0.0,6.851184927493743,2,1975
6,7.579678823090456,2.0,6.88653164253051,2,1946
6,7.113956109566034,2.0,6.329720905522696,1,1980
5,6.963189985870238,2.0,6.963189985870238,1,1962
7,7.198183577101943,2.0,7.198183577101943,2,2003
7,7.255591274253665,2.0,6.54534966033442,2,1999
5,6.754604099487962,0.0,6.754604099487962,1,1958
6,7.962763930168115,2.0,7.1929342212158,2,1977
6,7.344719054149673,2.0,6.6895992691789665,2,1976
9,7.495541943884256,2.0,7.495541943884256,2,2007
7,7.546446273746024,2.0,6.705639094860003,2,2002
6,7.302496423727326,2.0,6.663132695990803,2,2005
5,7.176254532017144,1.0,6.590301048196686,1,1940
5,7.001245622069476,1.0,7.001245622069476,1,1955
3,6.875232087276577,0.0,6.396929655216146,1,1910
6,6.9985096422506015,1.0,6.376726947898627,1,1958
4,7.083387847625295,0.0,6.579251212010101,1,1949
7,7.3938782901077555,2.0,6.638567789166521,2,2003
6,6.822197390620491,1.0,6.822197390620491,2,1979
7,7.2640301428995295,2.0,7.2640301428995295,2,2007
7,7.610357618312838,2.0,6.590301048196686,1,1910
7,7.231287004327616,2.0,6.511745329644728,2,2000
4,6.767343125265392,0.0,6.0867747269123065,1,1923
7,7.123672785204607,2.0,7.123672785204607,1,2006
4,6.795705775173514,2.0,6.795705775173514,1,1954
5,7.02197642307216,2.0,7.02197642307216,1,1963
7,6.906754778648554,2.0,6.8501261661455,1,1961
8,7.867871490396322,3.0,7.110696122978827,2,1998
7,7.143617602704121,2.0,7.143617602704121,2,2007
8,7.736307096548285,2.0,7.028201432058005,2,2002
5,7.458186157340487,2.0,0.0,2,1977
5,7.059617628291383,1.0,7.059617628291383,1,1950
6,7.399398083331354,1.0,6.184148890937483,1,1910
9,7.570443252057374,3.0,7.5652752818989315,2,2009
6,7.615791072035833,2.0,6.742880635791903,2,1976
7,7.362645270417825,2.0,6.646390514847729,2,2006
8,7.779885115070522,3.0,7.241366283322318,2,1997
8,7.462789157412448,2.0,6.82001636467413,1,1882
6,7.523481312573497,2.0,6.71174039505618,2,1964
6,7.313220387090301,2.0,6.620073206530356,2,2005
10,7.4489161025442,3.0,7.438383530044307,2,2006
4,7.114769448366463,1.0,6.616065185132817,1,1946
5,6.956545443151569,1.0,6.956545443151569,1,1961
6,7.273786317844895,2.0,7.273786317844895,2,1970
3,6.981934677156389,1.0,6.914730892718563,1,1922
7,7.0967213784947605,2.0,7.079184394609668,2,2006
3,6.8501261661455,2.0,0.0,1,1952
5,6.53813982376767,1.0,6.53813982376767,1,1920
8,7.3613754289773485,3.0,7.3613754289773485,2,2006
5,7.426549072397305,2.0,7.426549072397305,2,1976
7,7.315883504509785,2.0,7.204892510204673,2,2005
5,6.892641641172089,1.0,6.892641641172089,2,1977
6,7.4127640174265625,2.0,7.4127640174265625,2,1970
4,6.9957661563048505,1.0,6.302618975744905,1,1970
7,7.444248649496705,2.0,7.444248649496705,2,2004
5,7.3277805384216315,0.0,6.915723448631314,2,1926
5,7.147559271189454,1.0,6.579251212010101,2,1948
5,7.416979621381154,0.0,0.0,2,1965
6,7.31455283232408,1.0,6.400257445308821,1,1923
5,6.92951677076365,1.0,6.92951677076365,1,1910
6,6.9865664594064265,1.0,6.9865664594064265,1,1948
8,7.417580402414544,2.0,6.697034247666484,2,2001
7,7.315883504509785,2.0,7.315883504509785,2,1996
8,7.215239978730097,2.0,7.106606137727303,1,1984
7,7.294377299288821,2.0,5.950642552587727,2,1991
7,7.317212408359839,2.0,7.216709486709457,2,2005
4,7.0317412587631285,2.0,7.0317412587631285,1,2005
7,7.106606137727303,2.0,7.089243155027514,2,2006
5,7.129297548929373,1.0,6.815639990074331,1,1930
7,7.315883504509785,2.0,7.204892510204673,2,2005
8,7.971776122880628,2.0,7.355641102974253,2,1976
5,6.782192056006791,2.0,6.782192056006791,1,1972
5,7.142036574706803,2.0,7.145196134997171,1,1960
8,7.406103381237015,3.0,7.401231264413015,2,2007
5,7.226936018493289,1.0,6.643789733147672,1,1941
6,7.1049654482698426,1.0,6.51025834052315,1,1972
5,7.564238475170491,0.0,6.530877627725885,2,1916
7,8.033334015880062,2.0,6.714170529909472,2,1920
8,7.832014180505469,3.0,7.198931240688173,2,1993
7,7.4109518755836366,3.0,7.4109518755836366,2,2002
5,6.860663671448287,1.0,6.824373670043086,1,1938
4,6.739336627357174,1.0,0.0,1,1957
9,7.3901814282264295,3.0,7.3901814282264295,2,2007
8,7.724446645633537,2.0,6.961296045910167,2,2001
4,7.203405521083095,0.0,6.302618975744905,1,1970
4,6.4457198193855785,1.0,6.4457198193855785,1,1970
5,7.497207223203318,2.0,7.033506484287697,2,1957
6,7.397561535524052,2.0,6.684611727667927,1,1966
6,7.174724309836376,2.0,7.174724309836376,2,2005
7,7.753194269884341,2.0,7.29641326877392,2,1990
8,7.8336002236611035,2.0,7.8336002236611035,2,1981
3,7.457609289715606,2.0,0.0,2,1955
9,7.961370201719511,3.0,7.596894438144544,3,2005
5,6.897704943128636,2.0,6.897704943128636,1,1994
5,7.479299637782834,2.0,0.0,1,1960
4,6.835184586147301,1.0,0.0,1,1946
7,7.171656822768514,2.0,7.171656822768514,2,2007
7,7.182352111885263,2.0,7.182352111885263,2,2007
6,7.589335823170617,2.0,6.704414354964107,1,1964
5,7.330405211844402,1.0,7.103322062526113,1,1957
8,7.5953872788539725,2.0,6.970730078143525,2,2002
6,7.328437352895162,2.0,7.084226422097916,2,1976
7,7.218176838403408,2.0,7.218176838403408,2,2005
7,7.52294091807237,2.0,6.880384082186005,2,1994
9,7.688913336864796,3.0,7.00669522683704,2,2008
6,7.596392304064196,2.0,6.74993119378857,1,1932
8,7.198931240688173,2.0,7.198931240688173,2,2001
3,6.795705775173514,3.0,6.795705775173514,1,1935
5,7.756623334538858,2.0,6.495265555937008,2,1900
6,7.005789019253503,2.0,7.005789019253503,1,1925
5,7.050989447068045,2.0,7.050989447068045,1,1966
7,7.723120092266331,2.0,7.174724309836376,2,1996
6,7.359467638255621,2.0,6.683360945766275,2,1993
6,7.384610383176974,2.0,6.659293919683638,1,1964
6,7.83241092718792,2.0,6.848005274576363,2,1973
5,6.794586580876499,2.0,6.739336627357174,1,1949
5,6.954638864880987,1.0,6.954638864880987,1,1956
6,7.349873704738337,2.0,6.588926477533519,1,1968
5,7.283448228756631,1.0,6.697034247666484,1,1948
6,7.262628600974241,2.0,6.536691597591305,1,1977
7,7.122866658599083,3.0,7.122866658599083,2,2006
7,7.461640392208575,1.0,6.684611727667927,1,1940
5,7.290292882446597,2.0,6.679599185844383,2,1936
5,6.999422467507961,1.0,6.999422467507961,1,1969
6,6.742880635791903,2.0,6.742880635791903,1,2004
5,6.897704943128636,1.0,6.897704943128636,1,1994
6,7.1372784372603855,2.0,7.1372784372603855,2,1971
5,6.946975992135418,1.0,6.946975992135418,1,1963
7,7.285506548522785,2.0,7.285506548522785,2,2002
6,7.1316985104669115,1.0,7.1316985104669115,1,1964
6,7.311886164077165,2.0,6.53813982376767,2,1995
6,6.903747257584598,2.0,6.841615476477592,1,1992
4,6.9957661563048505,1.0,6.302618975744905,1,1973
8,7.577121930876679,3.0,6.9865664594064265,2,2005
7,7.443663683115591,2.0,6.877296071497429,2,2004
8,7.1284959456800365,2.0,7.1284959456800365,1,2005
3,6.946975992135418,2.0,0.0,2,1950
7,7.132497551660044,2.0,6.396929655216146,2,1999
6,7.434847875211999,2.0,7.074116816197362,2,1925
5,7.090076835776092,2.0,6.761572768804055,1,1965
5,6.841615476477592,1.0,6.841615476477592,1,1956
6,7.1808311990445555,2.0,7.1808311990445555,2,2006
6,7.2115567333138015,0.0,6.52795791762255,1,1914
8,6.992096427415888,2.0,6.97914527506881,1,1986
4,7.188412736496954,1.0,6.51025834052315,1,1936
7,7.3783837129967145,2.0,7.147559271189454,2,1978
2,6.082218910376446,1.0,5.66988092298052,1,1920
5,6.856461984594587,1.0,6.856461984594587,1,1971
5,7.033506484287697,1.0,6.917705609835305,1,1960
6,7.085064293952548,2.0,6.484635235635252,1,1959
5,7.171656822768514,2.0,6.4457198193855785,2,1970
8,7.871692664323645,2.0,7.288244401020124,2,1994
7,7.273786317844895,2.0,6.813444599510896,2,1990
7,7.611347717403621,2.0,6.7661917146603505,2,2006
6,7.432483807917119,2.0,6.828712071641684,2,2000
8,7.515344571180436,3.0,7.515344571180436,2,2004
6,7.4133673356952405,2.0,6.650279048587422,2,1995
7,7.582738488914411,2.0,6.688354713946762,2,1976
5,6.704414354964107,1.0,6.704414354964107,1,1957
5,6.915723448631314,1.0,6.915723448631314,1,1953
5,6.725033642166843,1.0,6.725033642166843,1,1954
8,7.458186157340487,3.0,7.458186157340487,2,2007
8,7.257707677160043,2.0,6.0112671744041615,2,2002
5,6.795705775173514,2.0,6.795705775173514,1,1967
5,7.3783837129967145,1.0,6.278521424165844,1,1958
5,6.946975992135418,1.0,6.946975992135418,1,1959
6,6.919683849847411,1.0,6.919683849847411,1,1920
7,7.347299700743164,3.0,7.347299700743164,2,2005
4,6.866933284461882,1.0,6.51025834052315,1,1956
5,6.548219102762372,0.0,6.548219102762372,1,1947
7,7.301147805856032,2.0,5.950642552587727,2,1992
4,6.912742820493176,2.0,6.912742820493176,1,1955
7,7.349230824613334,3.0,7.224753405767971,2,2007
7,7.333023014386481,3.0,7.333023014386481,2,2004
7,7.580189417944541,2.0,6.741700694652055,2,2004
5,6.841615476477592,2.0,6.841615476477592,1,1980
4,7.591357046698551,2.0,7.022868086082641,2,1928
5,6.881411303642535,0.0,6.881411303642535,1,1991
6,7.700747794511798,1.0,6.915723448631314,2,1880
8,7.61085279039525,2.0,7.028201432058005,2,1995
6,7.3777589082278725,2.0,6.82001636467413,2,1997
6,6.893656354602635,1.0,6.866933284461882,1,1926
6,7.132497551660044,1.0,6.939253946041508,1,1950
5,6.927557906278317,0.0,6.659293919683638,1,1875
6,7.356918242356021,2.0,7.356918242356021,2,1977
5,7.062191632286556,2.0,6.818924065275521,1,1920
5,6.858565034791365,2.0,6.858565034791365,1,1951
5,7.532623618788788,2.0,6.659293919683638,2,1976
8,7.947325027016463,3.0,7.290292882446597,3,2006
5,6.913737350659685,0.0,6.913737350659685,1,1959
4,6.828712071641684,1.0,6.51025834052315,1,1941
5,7.362645270417825,1.0,6.948897222313312,1,1928
6,7.168579897264035,2.0,7.168579897264035,2,1985
7,7.355001921105257,1.0,6.556778356158042,1,1941
7,7.01301578963963,1.0,6.349138991379798,1,1926
7,7.301147805856032,2.0,6.476972362889683,1,1920
6,6.837332814685591,1.0,6.837332814685591,1,1950
5,7.290292882446597,2.0,7.290292882446597,1,1959
6,7.501634457883413,2.0,6.9782137426306985,1,1956
6,6.704414354964107,1.0,6.704414354964107,1,1930
7,7.506591780070841,2.0,6.761572768804055,1,1965
5,7.270312886079025,2.0,7.270312886079025,2,1976
5,7.142827401161621,2.0,7.105786129481271,2,1965
7,7.1808311990445555,2.0,7.1808311990445555,2,2007
8,7.365180126021013,3.0,7.365180126021013,2,2007
6,7.53689712956617,2.0,6.803505257608338,2,1974
6,7.283448228756631,2.0,6.75110146893676,2,1978
6,7.402451520818244,2.0,7.16703787691222,1,1954
5,6.795705775173514,2.0,6.795705775173514,1,1968
4,7.1372784372603855,2.0,7.088408778675395,0,1969
5,7.266827347520591,2.0,7.215239978730097,1,1978
7,7.31455283232408,2.0,7.31455283232408,2,2009
8,7.434847875211999,3.0,7.434847875211999,2,2008
6,7.421177528595393,2.0,6.8658910748834385,2,2000
6,7.653494909661253,2.0,7.027314514039777,2,1935
10,8.196161139282902,3.0,7.5652752818989315,3,1995
6,7.0192966537150445,1.0,6.999422467507961,1,1977
6,7.13966033596492,2.0,7.13966033596492,1,1958
7,7.1308988302963465,2.0,6.437751649736401,2,2006
5,8.034631032923107,0.0,7.37650812632622,3,1946
6,7.76004068088038,2.0,6.858565034791365,2,1932
8,7.962763930168115,2.0,7.428333194190806,2,1992
5,6.827629234502852,1.0,6.775366090936392,1,1984
6,7.1098794630722715,1.0,6.706862336602747,1,1926
5,7.202661196523238,1.0,6.594413459749778,1,1921
5,7.024649030453636,0.0,0.0,1,1954
7,7.829630389150193,2.0,7.103322062526113,2,1990
8,7.409741954080923,2.0,7.3777589082278725,2,2008
10,8.406485069431817,3.0,7.78155595923534,3,1996
5,7.029972911706386,2.0,7.02108396428914,1,1920
5,7.360103972989152,3.0,7.360103972989152,1,1963
5,7.107425474110705,1.0,6.664409020350408,1,1924
3,7.4377951216719325,2.0,6.885509670034818,2,1900
8,7.392647520721623,3.0,7.392647520721623,2,1994
7,7.414572881350589,2.0,6.7226297948554485,2,2002
7,7.4977617006225685,2.0,6.901737206656574,2,1999
4,7.3914152346753585,4.0,7.130098510125578,1,1961
8,7.273092595999522,2.0,6.654152520183219,2,1999
5,7.294377299288821,1.0,6.553933404025811,1,1925
6,7.1098794630722715,2.0,7.1098794630722715,2,1999
6,7.20934025660291,1.0,6.4967749901858625,1,1969
6,7.283448228756631,2.0,6.590301048196686,2,2005
7,7.529943370601589,3.0,6.778784897685177,2,2006
7,7.432483807917119,1.0,6.703188113240863,1,1916
7,7.10002716662926,2.0,7.10002716662926,2,2001
4,7.231287004327616,2.0,6.957497370876951,1,1963
4,6.761572768804055,1.0,6.761572768804055,1,1970
7,7.483806687665835,2.0,6.763884908562435,2,1998
5,7.206377291472252,1.0,6.784457062637643,1,1925
7,7.396335293800808,2.0,7.396335293800808,2,2000
5,6.97914527506881,2.0,6.962243464266207,1,1975
7,7.694392802629421,3.0,7.67693714581808,2,1990
4,6.962243464266207,1.0,6.962243464266207,1,1966
6,7.438383530044307,2.0,7.427738840532894,2,2003
5,7.1569563646156364,2.0,6.836259277277067,1,1962
8,7.414572881350589,2.0,7.414572881350589,2,2006
6,7.520234556474628,2.0,6.961296045910167,2,1992
8,7.468513271496337,2.0,6.326149473155099,2,1988
4,6.51025834052315,1.0,6.51025834052315,1,1941
4,6.866933284461882,1.0,6.473890696352274,0,1965
5,6.906754778648554,1.0,6.829793737512425,1,1962
5,6.795705775173514,1.0,6.795705775173514,1,1966
6,7.550661243105336,2.0,0.0,2,1978
8,7.1808311990445555,2.0,7.170119543449628,2,2009
4,6.815639990074331,0.0,0.0,1,1947
6,7.1049654482698426,0.0,6.51025834052315,1,1971
5,6.815639990074331,1.0,6.815639990074331,1,1964
5,7.099201743553092,1.0,6.858565034791365,1,1968
6,7.520776415062797,1.0,6.946975992135418,2,1949
5,7.666690200080086,2.0,7.666690200080086,2,1951
7,7.306531398939505,2.0,6.669498089857879,2,2004
6,7.037027614686276,1.0,6.376726947898627,1,1958
6,7.566828479208331,3.0,6.795705775173514,2,2007
5,6.815639990074331,2.0,6.815639990074331,1,1965
9,7.43955930913332,3.0,7.43955930913332,1,2008
5,7.317876198626496,1.0,6.980075940561763,2,1960
5,7.8709295967551425,2.0,7.215975002651466,2,1977
5,7.081708586105575,2.0,7.00850518208228,1,1962
4,7.1098794630722715,2.0,0.0,2,1962
5,7.080026499922591,2.0,7.080026499922591,1,1959
5,7.582738488914411,0.0,6.84587987526405,1,1911
5,7.486613313139955,1.0,6.616065185132817,1,1914
7,7.3938782901077555,2.0,6.638567789166521,2,2003
7,7.5745584842024805,2.0,6.741700694652055,2,2004
6,7.039660349862076,2.0,7.039660349862076,1,2005
8,7.302496423727326,2.0,7.297091005160418,2,2006
7,7.477604243197589,2.0,6.784457062637643,2,2003
7,7.4318919168078,3.0,7.4318919168078,2,2007
7,7.067319848653476,2.0,6.959398512133975,2,1974
10,7.638198244285779,3.0,7.638198244285779,2,2006
8,7.324489979348532,2.0,6.674561391814426,1,1929
6,7.532623618788788,2.0,6.371611847231857,3,1984
7,7.347943823148687,2.0,6.628041376179533,2,2005
6,6.9411900550683745,3.0,6.919683849847411,1,1976
6,7.629489916393995,2.0,6.5998704992128365,1,1917
5,6.895682697747868,1.0,6.775366090936392,1,1950
7,7.6544432264701125,2.0,7.6544432264701125,2,1968
7,7.247792581767846,2.0,7.247792581767846,2,2003
5,6.773080375655535,1.0,6.761572768804055,1,1968
7,7.681099001536359,2.0,7.083387847625295,2,1974
7,7.412160334945205,2.0,6.61472560020376,2,2003
6,7.220373836723949,1.0,6.784457062637643,1,1931
8,7.594381242551817,2.0,7.593877844605118,2,1994
5,6.761572768804055,0.0,6.761572768804055,1,1922
7,7.061334366910438,2.0,6.752270376141742,2,2005
6,6.960347729101308,2.0,6.960347729101308,1,1969
6,7.423568444259167,2.0,6.734591659972948,2,1999
5,6.956545443151569,1.0,6.956545443151569,1,1956
4,7.488852955733459,1.0,7.00669522683704,1,1957
6,7.508787170634276,2.0,6.638567789166521,1,1919
6,7.198183577101943,2.0,7.247792581767846,2,1998
7,7.280697195384741,2.0,6.53813982376767,2,1999
7,7.543802867501509,1.0,6.829793737512425,1,1910
9,7.609862200913554,3.0,7.601901959875166,2,2008
8,8.145259566516865,3.0,6.590301048196686,3,1935
5,7.329093736246592,1.0,6.773080375655535,1,1958
7,7.329093736246592,2.0,7.194436851100335,0,1979
6,7.305860032684009,2.0,7.305860032684009,2,1968
5,6.840546529288687,1.0,6.840546529288687,1,1965
6,7.213031659834869,1.0,6.926577033222725,1,1959
5,7.1308988302963465,2.0,6.493753839851686,2,1910
5,7.560080465021827,2.0,6.833031732786201,2,1948
6,7.240649694255466,2.0,6.583409222158765,1,1972
6,7.452402451223638,2.0,7.426549072397305,1,1967
8,7.616283561580385,2.0,7.028201432058005,2,2002
4,7.028201432058005,2.0,6.548219102762372,1,1920
7,7.360739903058278,2.0,7.360739903058278,2,2002
7,7.199678345691172,2.0,7.1770187659099,2,1990
5,6.946975992135418,2.0,6.946975992135418,2,1977
6,7.508787170634276,0.0,6.815639990074331,2,1971
6,7.802618063442671,1.0,6.6895992691789665,2,1919
6,7.252762418053187,1.0,6.659293919683638,1,1939
6,7.191429330036379,2.0,7.191429330036379,1,1963
5,7.366445148327599,2.0,7.392647520721623,2,1964
8,7.413970290190444,2.0,7.313886831633462,2,2000
8,7.585788821732034,3.0,6.98933526597456,2,2006
5,7.049254841255837,2.0,7.049254841255837,1,1964
5,7.171656822768514,1.0,6.4457198193855785,2,1972
5,7.771488760117616,1.0,6.901737206656574,2,1892
7,7.416979621381154,2.0,6.723832440821209,2,1976
5,6.761572768804055,2.0,6.761572768804055,1,1955
5,6.9584483932976555,1.0,6.9584483932976555,1,1968
5,7.028201432058005,2.0,7.02108396428914,2,1963
6,6.977281341630747,2.0,6.304448802421981,2,2005
5,7.1276936993473985,1.0,7.1276936993473985,1,1959
7,7.592366128519796,2.0,6.885509670034818,2,1999
6,7.309212365692763,1.0,6.647688373563329,1,1942
8,7.8343923029104365,3.0,7.060476365999801,2,1994
7,7.38770923908104,3.0,7.38770923908104,2,2005
7,7.443078374348516,2.0,6.883462586413092,2,2004
9,7.409741954080923,2.0,7.409741954080923,2,2006
7,7.221105098182496,2.0,7.221105098182496,2,2005
5,6.897704943128636,2.0,6.897704943128636,1,1994
5,7.022868086082641,2.0,6.828712071641684,1,1948
6,7.165493475060845,2.0,7.15305163493748,2,1991
7,7.550661243105336,2.0,7.550661243105336,2,1959
7,7.149916836132109,2.0,7.149916836132109,2,2005
8,7.940939762327791,2.0,7.2813856635702825,2,1990
9,7.8628820346414905,3.0,7.239214973779806,2,1999
4,6.854354502255021,1.0,6.854354502255021,1,1954
6,7.655390644826152,2.0,6.858565034791365,2,1969
8,7.396335293800808,3.0,7.3914152346753585,2,2008
7,7.20934025660291,2.0,7.20934025660291,2,2006
8,7.488293515159428,3.0,7.469083884921234,2,2001
4,6.854354502255021,1.0,6.761572768804055,1,1954
6,7.298445101508147,2.0,7.298445101508147,1,1957
3,6.579251212010101,1.0,0.0,1,1949
7,7.56164174558878,2.0,6.620073206530356,2,1992
4,6.56244409369372,0.0,6.040254711277414,1,1940
8,7.492760300922379,3.0,7.492760300922379,2,2006
4,6.679599185844383,0.0,6.679599185844383,1,1922
3,6.651571873589727,0.0,6.298949246855942,1,1931
5,6.704414354964107,1.0,6.704414354964107,1,1982
6,7.934513463882263,2.0,7.31986492980897,2,1920
7,7.397561535524052,2.0,6.840546529288687,2,1998
8,7.370230641807081,3.0,7.370230641807081,2,2006
5,6.860663671448287,2.0,6.814542897259958,1,1976
4,6.704414354964107,1.0,6.704414354964107,1,1938
5,7.215239978730097,1.0,6.688354713946762,1,1938
5,7.21890970761906,2.0,6.639875833826536,1,1970
6,7.195937226475569,2.0,7.2078598714324755,2,1977
5,7.412160334945205,2.0,7.412160334945205,2,1973
4,6.541029999189903,0.0,6.541029999189903,1,1941
7,7.528869256642251,2.0,6.82001636467413,2,2002
5,6.761572768804055,1.0,6.761572768804055,1,1972
4,6.77078942390898,4.0,6.754604099487962,1,1971
6,7.01571242048723,2.0,7.01571242048723,1,2003
8,7.682021510826875,2.0,7.157735484249907,2,2002
6,7.556427969440253,2.0,6.79794041297493,1,1928
7,7.283448228756631,2.0,6.590301048196686,2,2006
4,6.866933284461882,1.0,6.866933284461882,1,1920
7,7.6760099320288875,2.0,7.357556200910353,2,1968
8,7.4821189235521155,3.0,7.4570320891223805,2,2006
7,7.309212365692763,2.0,7.301147805856032,2,1998
8,7.765569081097317,0.0,6.52795791762255,2,1872
5,7.876258882303226,4.0,7.129297548929373,2,1969
6,7.447751280047908,2.0,6.754604099487962,1,1962
6,7.069874128458572,2.0,6.548219102762372,1,1937
8,8.08271113423758,3.0,7.617267813628347,2,1995
7,7.5310163320779155,3.0,6.899723107284872,2,2000
7,7.560080465021827,2.0,6.345636360828596,3,1968
5,6.79346613258001,1.0,6.761572768804055,1,1966
5,6.982862751468942,2.0,6.982862751468942,1,1971
6,7.360739903058278,2.0,6.628041376179533,2,2000
9,7.590852123688581,3.0,7.590852123688581,2,2004
5,7.8636512654486515,2.0,6.416732282512326,3,1921
7,7.333023014386481,2.0,7.333023014386481,2,2005
4,7.460490305825338,1.0,6.5722825426940075,2,1920
6,7.252762418053187,2.0,6.423246963533519,2,2006
7,7.090076835776092,2.0,6.396929655216146,2,2005
7,7.422971251049421,2.0,6.70196036600254,2,2000
7,7.489970898834801,2.0,6.771935555839602,2,1999
5,7.29641326877392,1.0,6.6293632534374485,2,1977
6,6.742880635791903,2.0,6.742880635791903,1,2003
8,7.419380582918692,2.0,7.4127640174265625,2,2003
4,7.2254814727822945,1.0,6.733401891837359,1,1920
6,7.415175109613295,1.0,6.899723107284872,1,1955
7,7.64826303090192,2.0,7.010311867307229,2,1998
10,7.87587915949631,3.0,7.87587915949631,2,2001
7,7.579678823090456,3.0,6.933423025730715,2,2005
8,7.359467638255621,3.0,7.359467638255621,2,2007
6,6.672032945461067,1.0,6.643789733147672,1,1930
5,7.38025578842646,2.0,6.891625897052253,2,1941
6,6.894670039433482,1.0,6.180016653652572,1,1973
3,6.761572768804055,1.0,6.761572768804055,1,1914
6,7.6577552711348655,2.0,7.094234845924755,2,1970
7,7.474204806496124,2.0,6.39024066706535,1,1920
5,7.255591274253665,2.0,6.704414354964107,2,1918
6,7.1372784372603855,1.0,6.327936783729195,1,1939
4,7.050989447068045,1.0,6.679599185844383,1,1922
7,7.931644021454311,2.0,7.238496840894365,3,1978
6,7.8343923029104365,1.0,6.570882962339584,2,1916
9,7.465082736399547,3.0,7.465082736399547,2,2006
6,7.1049654482698426,2.0,6.5998704992128365,1,1941
7,7.329749689041512,2.0,7.329749689041512,2,2000
5,7.367708572374371,3.0,7.367708572374371,2,1967
5,6.802394763324311,1.0,6.761572768804055,1,1967
6,7.555905093611346,2.0,6.1779441140506,2,1905
7,7.313220387090301,3.0,7.212294468500341,2,2006
8,7.8168199657645525,3.0,6.9975959829819265,2,2005
5,7.430707082545968,2.0,6.616065185132817,1,1948
5,7.321849713788356,1.0,6.844815479208263,1,1920
5,7.55171221535131,1.0,7.0967213784947605,1,1950
6,7.382746449738912,1.0,6.883462586413092,2,1925
6,7.05444965813294,1.0,6.759255270663693,1,1929
6,7.373374309910049,2.0,6.732210706467206,2,2004
7,7.165493475060845,2.0,7.1592919047975645,2,2006
8,7.288927694521257,3.0,7.3031700512368,2,2007
3,7.101675971619444,3.0,6.51025834052315,1,1915
8,7.406103381237015,2.0,7.374001859350161,2,2004
5,6.643789733147672,2.0,6.643789733147672,1,1972
5,6.725033642166843,0.0,6.725033642166843,1,1985
4,7.217443431696533,2.0,6.432940092739179,1,1910
7,7.646353722445999,2.0,6.673297967767654,2,1986
7,7.517520850603031,2.0,6.8501261661455,2,2001
6,7.419380582918692,1.0,6.752270376141742,1,1950
4,6.946975992135418,2.0,0.0,2,1949
8,7.519692404116539,2.0,7.519692404116539,2,2005
6,7.521859252201629,2.0,6.725033642166843,1,1923
7,7.358193752733032,3.0,7.234177179749849,2,2007
4,7.736307096548285,2.0,6.655440350367647,2,1885
8,7.803843303538772,3.0,7.157735484249907,2,1998
5,7.042286171939743,1.0,7.042286171939743,1,1963
6,7.519692404116539,2.0,7.519692404116539,2,1969
6,7.255591274253665,2.0,6.56244409369372,2,1968
6,6.974478911025045,2.0,6.974478911025045,2,1977
6,6.742880635791903,2.0,6.742880635791903,1,2003
6,7.696667081526462,2.0,6.546785410760524,2,1966
5,7.203405521083095,1.0,6.931471805599453,1,1958
6,7.132497551660044,2.0,7.132497551660044,1,1959
7,7.6624678152002375,2.0,7.109062135687172,2,1994
5,7.351158226430694,1.0,6.816735880594968,1,1945
5,6.6895992691789665,1.0,6.669498089857879,1,1940
6,7.272398392570047,2.0,7.272398392570047,2,1981
5,7.516433302915632,2.0,6.595780513961311,2,2005
6,6.86484777797086,2.0,6.86484777797086,2,1976
4,6.875232087276577,1.0,6.486160788944089,2,1927
6,7.491087593534876,2.0,6.841615476477592,2,2000
5,7.026426808699636,2.0,7.026426808699636,2,1977
6,7.337587743538596,2.0,7.1846291527173145,1,1962
4,6.761572768804055,2.0,6.761572768804055,1,1971
8,7.566311014772463,3.0,7.566311014772463,2,2008
6,7.119635638017636,2.0,6.815639990074331,1,1957
7,7.45298232946546,2.0,6.289715570908998,2,1979
6,7.845807502637805,2.0,6.376726947898627,2,1922
6,6.742880635791903,2.0,6.742880635791903,1,2004
10,7.604396348796338,3.0,6.92461239604856,2,2008
6,6.858565034791365,1.0,6.858565034791365,1,1916
7,7.259819610363186,2.0,7.259819610363186,2,2004
6,6.816735880594968,1.0,6.70196036600254,1,1966
5,7.080026499922591,1.0,7.080026499922591,1,1962
8,7.644919344958857,2.0,7.106606137727303,2,1995
4,7.204892510204673,1.0,6.327936783729195,1,1910
5,6.4457198193855785,0.0,6.4457198193855785,1,1970
5,7.491087593534876,0.0,6.79794041297493,2,1974
8,7.363913501405819,3.0,7.360739903058278,2,2008
5,6.977281341630747,2.0,6.304448802421981,1,2005
5,7.038783541388542,0.0,7.038783541388542,1,2006
7,7.107425474110705,2.0,7.107425474110705,2,2004
6,7.4067107301776405,2.0,6.859614903654202,2,1999
6,7.636752112435779,2.0,7.340835554123275,2,1978
7,7.757906208351747,1.0,7.049254841255837,2,1941
5,6.982862751468942,1.0,6.982862751468942,1,1950
5,7.135687347028144,1.0,7.135687347028144,1,1965
